Date,High,Low,Open,Close,Volume,Adj Close
2019-09-17,1114216.125,1105058.25,1107717.625,1105793.25,1753229386055.0,1105793.25
2019-09-18,1112284.875,1064320.125,1106037.0,1109124.5,2153953520605.0,1109124.5
2019-09-19,1106245.875,1089717.0,1109114.0,1095035.875,1584662593131.0,1095035.875
2019-09-20,1095730.25,1075576.5,1095251.75,1077620.875,1443887898258.0,1077620.875
2019-09-21,1084730.5,1068374.0,1078093.875,1084294.25,1421226297852.0,1084294.25
2019-09-22,1084063.625,1046713.625,1084032.625,1046948.1875,1629707560854.0,1046948.1875
2019-09-23,1050890.5,897236.875,1046947.9375,924008.3125,2679971914083.0,924008.3125
2019-09-24,941733.0625,896564.3125,922171.4375,913966.6875,2341696008979.0,913966.6875
2019-09-25,917705.625,850884.375,914039.5625,874952.6875,2075389380315.0,874952.6875
2019-09-26,892992.4375,860000.125,874320.5,890868.3125,1771507435235.0,890868.3125
2019-09-27,894556.625,877262.25,890806.5625,890270.25,1526749555163.0,890270.25
2019-09-28,891873.5625,862595.6875,890283.4375,874868.6875,1407123344890.0,874868.6875
2019-09-29,898505.125,846257.125,874873.0625,896304.5,1849640892905.0,896304.5
2019-09-30,915517.0625,886965.375,896937.0625,898880.8125,1648953974534.0,898880.8125
2019-10-01,899479.25,881759.1875,898981.625,899479.25,1406677914766.0,899479.25
2019-10-02,899010.75,870398.9375,899236.3125,882531.625,1460433476953.0,882531.625
2019-10-03,883414.4375,871776.1875,882478.4375,877626.6875,1405267196092.0,877626.6875
2019-10-04,878765.5,863319.375,878076.9375,871917.125,1305013982203.0,871917.125
2019-10-05,871459.0625,849830.1875,871743.4375,852959.3125,1405287138328.0,852959.3125
2019-10-06,891152.5625,847961.1875,853062.3125,884413.8125,1931699392846.0,884413.8125
2019-10-07,891437.6875,875716.6875,884545.375,880319.0,1668067602610.0,880319.0
2019-10-08,924614.0,875487.4375,880432.125,921188.25,2077445499967.0,921188.25
2019-10-09,930555.875,914012.5625,920067.25,926369.9375,1900826642666.0,926369.9375
2019-10-10,945336.375,901374.25,926239.3125,901978.5625,2124879658800.0,901978.5625
2019-10-11,912111.25,901066.4375,901318.25,903582.5625,1575163958232.0,903582.5625
2019-10-12,918780.3125,897697.9375,903620.1875,902512.9375,1497674322529.0,902512.9375
2019-10-13,909409.1875,897911.5,902494.125,907726.75,1642248923760.0,907726.75
2019-10-14,915196.5,890386.25,907593.625,892852.25,1656181296466.0,892852.25
2019-10-15,892982.625,867799.5625,892776.625,874585.125,1746626416356.0,874585.125
2019-10-16,883328.8125,868790.375,874616.1875,879971.3125,1554197090976.0,879971.3125
2019-10-17,881919.1875,856318.0,879648.0,864016.625,1696084833207.0,864016.625
2019-10-18,875874.125,860935.75,864081.25,865680.375,1495201375505.0,865680.375
2019-10-19,897884.6875,861849.3125,866682.375,891407.8125,1680914370753.0,891407.8125
2019-10-20,901066.625,890175.875,891737.0625,895313.4375,1723433404934.0,895313.4375
2019-10-21,900020.6875,875917.75,895278.8125,876323.5,1822830429877.0,876323.5
2019-10-22,879203.25,811448.5625,876109.25,816375.1875,2383819512750.0,816375.1875
2019-10-23,818136.8125,808809.5625,815838.125,813859.875,1766927295466.0,813859.875
2019-10-24,944466.1875,812812.5,813557.375,941115.0625,3119235992663.0,941115.0625
2019-10-25,1089012.875,941323.875,941862.3125,1004604.9375,4835185695373.0,1004604.9375
2019-10-26,1060077.25,990816.8125,1004250.125,1038568.625,3543887250354.0,1038568.625
2019-10-28,1068453.875,1008633.25,1040024.1875,1008633.25,3372400435253.0,1008633.25
2019-10-29,1036102.75,1005232.25,1007793.3125,1026467.75,3095050946026.0,1026467.75
2019-10-30,1025565.0,988412.25,1025898.9375,1001506.0,3014238697879.0,1001506.0
2019-10-31,1013356.0625,975077.125,1001150.375,993530.3125,2870962850371.0,993530.3125
2019-11-01,1003672.75,988133.4375,992926.3125,1002098.0,2632053799946.0,1002098.0
2019-11-02,1014690.9375,1000851.625,1001955.0625,1008981.0625,2298563798274.0,1008981.0625
2019-11-03,1015063.9375,989248.0,1008988.5625,999431.625,2286886675674.0,999431.625
2019-11-04,1033289.4375,999201.8125,999458.9375,1023240.3125,2844955404890.0,1023240.3125
2019-11-05,1032289.75,1010406.4375,1023283.0625,1019749.25,2859612932384.0,1019749.25
2019-11-06,1026383.6875,1013604.3125,1019567.75,1019591.75,2519755493629.0,1019591.75
2019-11-07,1023698.5,1005546.125,1018667.375,1012671.4375,2480483238152.0,1012671.4375
2019-11-08,1013076.4375,958753.0625,1012431.8125,961959.3125,2658456440052.0,961959.3125
2019-11-09,971457.5,960679.125,962460.625,962910.0,1920517448593.0,962910.0
2019-11-10,994374.5,961861.875,962790.5625,989098.875,2248736136925.0,989098.875
2019-11-11,990249.9375,948740.5,989250.875,954975.5625,2209812090382.0,954975.5625
2019-11-12,965005.625,946657.625,955189.625,960852.375,2213638460839.0,960852.375
2019-11-13,961439.5625,953258.875,960456.8125,958330.1875,1908960642266.0,958330.1875
2019-11-14,957557.375,942978.375,958729.875,944664.5625,2070335347368.0,944664.5625
2019-11-15,949657.25,922896.625,944405.625,923674.125,2370844470486.0,923674.125
2019-11-16,934542.9375,921705.6875,923584.3125,930057.6875,1794187054071.0,930057.6875
2019-11-17,948671.4375,924016.9375,929917.375,932387.375,2029197039188.0,932387.375
2019-11-18,940475.25,899207.0625,931953.0625,903088.5,2345348585536.0,903088.5
2019-11-19,912042.3125,878574.6875,902637.3125,890091.9375,2286865797968.0,890091.9375
2019-11-20,893468.75,868876.25,889817.1875,870693.75,2252241492178.0,870693.75
2019-11-21,880632.3125,824959.125,870300.6875,829885.4375,2444701611818.0,829885.4375
2019-11-22,836213.0625,753576.1875,829974.4375,792671.1875,3719948949357.0,792671.1875
2019-11-23,808497.375,776901.5625,792626.25,803667.1875,2282325962002.0,803667.1875
2019-11-24,805555.4375,764314.3125,803758.125,766339.8125,3309121748376.0,766339.8125
2019-11-25,797815.375,721226.875,765476.4375,778880.6875,4652404216480.0,778880.6875
2019-11-26,798629.8125,774447.125,778774.4375,787517.125,2305207925181.0,787517.125
2019-11-27,833285.875,762692.25,787790.875,823659.0,2623688904180.0,823659.0
2019-11-28,846566.625,816345.625,824222.875,817329.5,2086292586132.0,817329.5
2019-11-29,851918.5625,816837.1875,817726.125,849735.875,2157906152128.0,849735.875
2019-11-30,857912.125,822850.25,850043.9375,828738.25,1878513481606.0,828738.25
2019-12-01,829376.6875,798676.125,828955.6875,813239.1875,2050621477127.0,813239.1875
2019-12-02,814953.3125,788632.25,813211.125,798290.75,1862395111009.0,798290.75
2019-12-03,806053.875,785464.625,798507.375,795328.6875,1607736521328.0,795328.6875
2019-12-04,820557.0625,780413.6875,795326.5,789241.125,2357725838427.0,789241.125
2019-12-05,842018.8125,786479.5,789372.5,809927.125,2046056404030.0,809927.125
2019-12-06,819460.4375,802649.75,810172.1875,819460.4375,1965801056055.0,819460.4375
2019-12-07,824124.5625,817149.25,819489.625,820463.875,1677958716366.0,820463.875
2019-12-08,829354.9375,812135.25,819931.9375,821722.375,1673993725312.0,821722.375
2019-12-09,827214.3125,799839.1875,821445.375,803630.375,1940642365874.0,803630.375
2019-12-10,807546.25,788186.625,803221.5,791675.6875,1985033805967.0,791675.6875
2019-12-11,795095.25,781131.5,791575.375,783508.9375,1774975344413.0,783508.9375
2019-12-12,795019.1875,783870.875,783434.1875,792447.5625,2070749816643.0,792447.5625
2019-12-13,797415.9375,790152.1875,792614.75,794805.5,1872382508274.0,794805.5
2019-12-14,799086.0625,775948.5,794720.0625,778951.3125,1873617165920.0,778951.3125
2019-12-15,785525.75,757445.8125,778903.8125,782378.25,1846598290400.0,782378.25
2019-12-16,785881.1875,756567.6875,782527.125,759723.5625,2215151602153.0,759723.5625
2019-12-17,762695.0625,721505.0625,759595.875,727259.25,2449250292177.0,727259.25
2019-12-18,802525.3125,716527.8125,728045.9375,797246.5,3488009435580.0,797246.5
2019-12-19,803597.0625,770211.0,797332.875,787872.3125,2833536297133.0,787872.3125
2019-12-20,794248.9375,775448.75,788505.9375,789969.5625,2476863732948.0,789969.5625
2019-12-21,790452.125,778360.9375,790164.0,786942.875,2113411268730.0,786942.875
2019-12-22,823266.0,784845.5625,786946.1875,822560.3125,2533359146158.0,822560.3125
2019-12-23,837472.8125,801377.5,822266.125,804597.3125,3044387373935.0,804597.3125
2019-12-24,824373.5,795253.75,804462.1875,801052.125,2515179996032.0,801052.125
2019-12-25,804681.4375,789803.125,801404.75,795727.4375,2358092435156.0,795727.4375
2019-12-26,809384.9375,788798.8125,795688.4375,793025.3125,2496305775425.0,793025.3125
2019-12-27,805930.5625,786930.75,792934.8125,797892.5625,2492958273891.0,797892.5625
2019-12-28,809817.25,797544.125,797776.8125,800946.3125,2338450506100.0,800946.3125
2019-12-29,822262.625,796646.625,800908.875,812272.0,2456218218188.0,812272.0
2019-12-30,811648.8125,792212.8125,812011.5625,794029.5625,2490435973416.0,794029.5625
2019-12-31,797235.6875,779247.0,794186.8125,781836.0,2300637399993.0,781836.0
2020-01-01,788574.75,779945.125,781976.5625,782687.75,2018162047811.0,782687.75
2020-01-02,783012.875,752951.875,782946.125,758402.0,2258450998706.0,758402.0
2020-01-03,801385.25,747476.25,758288.9375,793945.0,3038709516359.0,793945.0
2020-01-04,802863.0,790121.625,793998.0625,801054.625,1993732830414.0,801054.625
2020-01-05,814647.25,799102.4375,801032.5,800266.625,2129893775655.0,800266.625
2020-01-06,843694.0,803300.3125,800173.1875,842322.6875,2523564275193.0,842322.6875
2020-01-07,883714.5,839412.375,842264.4375,882145.125,3108510794830.0,882145.125
2020-01-08,915550.9375,867578.8125,881955.3125,880999.9375,3453465008246.0,880999.9375
2020-01-09,885068.0,858798.0625,881265.25,862813.5,2633204277922.0,862813.5
2020-01-10,894013.0,845869.3125,862729.8125,894013.0,3143457009060.0,894013.0
2020-01-11,899799.375,879137.4375,893535.375,880001.8125,2794223041120.0,880001.8125
2020-01-12,898456.375,877528.5625,879533.75,897627.0,2509461033133.0,897627.0
2020-01-13,901620.5,888632.875,897328.75,895726.125,2472746716087.0,895726.125
2020-01-14,975475.6875,894337.75,895367.4375,969790.9375,4926179800096.0,969790.9375
2020-01-15,976843.875,951249.5625,969525.0,967712.0625,4406489445630.0,967712.0625
2020-01-16,974816.6875,948991.3125,968313.25,961298.75,3450576688972.0,961298.75
2020-01-17,986593.8125,955667.5625,961455.6875,983390.625,4005809191918.0,983390.625
2020-01-18,992549.4375,972189.4375,983189.625,984907.3125,3561488250480.0,984907.3125
2020-01-19,1009832.5625,949857.375,984757.1875,959352.0625,3770449314394.0,959352.0625
2020-01-20,963591.875,943195.6875,959174.25,953901.75,2911225482109.0,953901.75
2020-01-21,962364.5,939152.4375,954050.3125,961286.0625,2648615544593.0,961286.0625
2020-01-22,964782.6875,947639.0625,961101.0,952480.9375,2479733938787.0,952480.9375
2020-01-23,951803.5,913008.375,952456.1875,920992.6875,2823358474071.0,920992.6875
2020-01-24,930440.125,903358.9375,920888.8125,922874.75,2666081697754.0,922874.75
2020-01-25,924297.375,906569.25,922294.0,914396.5,2146961955168.0,914396.5
2020-01-26,935986.75,905858.1875,914020.8125,935380.5,2413048677736.0,935380.5
2020-01-27,978029.0625,936586.5,935432.625,970631.25,3120826720882.0,970631.25
2020-01-28,1021403.5625,972274.5625,970925.9375,1021403.5625,3754304763168.0,1021403.5625
2020-01-29,1024995.125,1010070.5625,1021281.3125,1015209.625,3343405356914.0,1015209.625
2020-01-30,1040184.125,1005098.5,1015142.875,1035378.8125,3525537697970.0,1035378.8125
2020-01-31,1032105.0625,1000569.75,1035304.6875,1013550.4375,3190334017609.0,1013550.4375
2020-02-01,1023175.25,1009508.3125,1013098.1875,1018140.5,2809885729538.0,1018140.5
2020-02-02,1026247.25,999046.1875,1017809.375,1012761.0,3342038841693.0,1012761.0
2020-02-03,1036322.875,1004632.875,1012795.5,1009508.75,3360216233262.0,1009508.75
2020-02-04,1021269.6875,997360.75,1009434.9375,1004819.6875,3271689384991.0,1004819.6875
2020-02-05,1065353.125,1006316.75,1005088.125,1055703.0,3867928225959.0,1055703.0
2020-02-06,1080423.25,1049103.375,1056185.875,1069996.125,4138079372819.0,1069996.125
2020-02-07,1079360.125,1067428.75,1069578.25,1075104.75,3788867986238.0,1075104.75
2020-02-08,1083973.125,1062260.25,1074789.375,1082696.75,3860131464857.0,1082696.75
2020-02-09,1110525.375,1079933.0,1082562.375,1109126.375,3925743723247.0,1109126.375
2020-02-10,1115920.75,1074075.375,1109004.25,1081984.25,4323557123769.0,1081984.25
2020-02-11,1121579.375,1068772.25,1081905.25,1121379.875,4135658147877.0,1121379.875
2020-02-12,1141625.625,1120621.75,1120737.375,1134205.25,4771886129271.0,1134205.25
2020-02-13,1147821.875,1110342.75,1133975.25,1121123.125,5417287844643.0,1121123.125
2020-02-14,1133267.375,1111697.5,1120812.625,1132182.75,4758173029694.0,1132182.75
2020-02-15,1135414.875,1084128.25,1132373.875,1085774.75,4816010167478.0,1085774.75
2020-02-16,1103748.125,1067346.375,1085747.875,1090625.25,4761784589607.0,1090625.25
2020-02-17,1090792.5,1044657.8125,1090858.75,1064266.25,5051983257681.0,1064266.25
2020-02-18,1116410.5,1058232.875,1064385.875,1114868.125,5196309852002.0,1114868.125
2020-02-19,1134697.0,1070156.875,1115066.125,1071377.125,5226217472039.0,1071377.125
2020-02-20,1072085.875,1065136.875,1070925.375,1076090.0,5031352079417.0,1076090.0
2020-02-21,1086410.75,1075683.625,1076460.25,1080861.875,4567236764231.0,1080861.875
2020-02-22,1082177.5,1071297.75,1081003.125,1078266.5,3998987455307.0,1078266.5
2020-02-23,1107033.0,1077665.0,1078281.75,1107228.5,4594825249481.0,1107228.5
2020-02-24,1111097.5,1053118.75,1106901.5,1069670.25,4996931684826.0,1069670.25
2020-02-25,1069811.625,1024887.625,1069796.375,1030202.0,4688577084401.0,1030202.0
2020-02-26,1032129.8125,961099.25,1029825.375,973423.125,5564301340030.0,973423.125
2020-02-27,983923.3125,946488.5,973927.625,963379.375,4986633354219.0,963379.375
2020-02-28,972518.0625,923560.5,963843.8125,937362.625,4821181564349.0,937362.625
2020-02-29,948514.5,929478.1875,937228.3125,929478.1875,3868621914235.0,929478.1875
2020-03-01,943236.125,915611.3125,929505.1875,920019.9375,3798202711430.0,920019.9375
2020-03-02,966409.625,916815.5,920107.0,962501.125,4650743396154.0,962501.125
2020-03-03,961015.5,932111.3125,962036.4375,940574.375,4536734967706.0,940574.375
2020-03-04,950082.6875,935237.6875,940655.25,942593.0625,3740843437610.0,942593.0625
2020-03-05,972796.875,942809.25,943135.5625,964700.25,4218275583468.0,964700.25
2020-03-06,965142.9375,958425.5625,964652.0,961059.75,4301110635523.0,961059.75
2020-03-07,965024.625,936328.75,960960.25,938351.75,3814186021881.0,938351.75
2020-03-08,938814.125,842318.125,938167.6875,842860.0,4155308894826.0,842860.0
2020-03-09,851349.1875,787353.875,843174.9375,817807.3125,4844414274359.0,817807.3125
2020-03-10,849217.3125,811101.5625,817652.6875,830505.75,4432379376447.0,830505.75
2020-03-11,834002.375,800576.0,830543.625,826962.0,4043412468156.0,826962.0
2020-03-12,829526.4375,508077.90625,827190.5625,520073.65625,5647748856911.0,520073.65625
2020-03-13,625099.625,431450.09375,524995.5625,600518.375,8004107165715.0,600518.375
2020-03-14,607158.5,553174.0625,601529.8125,561301.25,3902334642016.0,561301.25
2020-03-15,623698.625,557946.3125,561376.875,575551.75,3628783874406.0,575551.75
2020-03-16,574795.5,484901.78125,574795.5,532449.0,4817281392758.0,532449.0
2020-03-17,573270.625,529251.375,531185.25,561201.25,4147840115388.0,561201.25
2020-03-18,575710.0625,546106.3125,561360.625,567658.1875,4104698393334.0,567658.1875
2020-03-19,701690.8125,571721.5,568414.3125,689232.5,5677639467275.0,689232.5
2020-03-20,752832.5,652418.6875,689283.8125,688058.1875,6043116032344.0,688058.1875
2020-03-21,707966.625,658537.5,688917.6875,686536.1875,4716834993108.0,686536.1875
2020-03-22,705920.0625,643957.1875,686590.75,643897.3125,4428634410484.0,643897.3125
2020-03-23,715270.3125,639207.125,644021.0,711215.9375,5153392852830.0,711215.9375
2020-03-24,749448.125,706906.625,713469.125,748531.9375,5359568002610.0,748531.9375
2020-03-25,767745.375,726741.5,748966.8125,740714.25,4943603504680.0,740714.25
2020-03-26,746113.6875,727736.1875,740060.9375,732949.5625,3854367638972.0,732949.5625
2020-03-27,737100.1875,697854.3125,733271.3125,698188.4375,3732305814048.0,698188.4375
2020-03-28,697940.5625,660206.625,697913.875,673626.5,3764640127800.0,673626.5
2020-03-29,674519.375,638284.25,673996.75,636065.9375,3047518834931.0,636065.9375
2020-03-29,702674.25,634631.625,636441.375,694690.8125,4008524267003.0,694690.8125
2020-03-30,705873.25,691370.3125,694773.4375,692257.3125,3525069980800.0,692257.3125
2020-03-31,709287.8125,664140.875,692114.8125,708665.9375,4327698893754.0,708665.9375
2020-04-01,765077.0625,707633.1875,708665.9375,733674.0625,5147087647883.0,733674.0625
2020-04-02,759639.375,723714.9375,734081.4375,730094.4375,4226183450124.0,730094.4375
2020-04-03,745878.0625,726093.125,730636.125,744639.125,3598323556153.0,744639.125
2020-04-04,746361.6875,728201.5,744098.125,738138.0625,3207530712875.0,738138.0625
2020-04-05,793561.1875,738396.9375,737803.3125,793561.1875,5117805552444.0,793561.1875
2020-04-06,809841.75,776749.25,793764.5,779782.0,4807452583206.0,779782.0
2020-04-07,800519.0,777852.25,780093.75,798786.0,4091163761373.0,798786.0
2020-04-08,799967.75,781679.5625,799207.25,792708.75,3779502496620.0,792708.75
2020-04-09,792896.0625,737344.9375,792896.0625,743841.875,4726316847712.0,743841.875
2020-04-10,750405.0625,735654.0,744052.875,743147.375,3382757002384.0,743147.375
2020-04-11,771948.25,737946.25,743037.375,755314.3125,3874531273174.0,755314.3125
2020-04-12,754721.0625,718965.6875,754721.0625,736676.6875,4156287455385.0,736676.6875
2020-04-13,744979.6875,731188.375,736487.6875,732889.0,3653551536078.0,732889.0
2020-04-14,742042.4375,712911.6875,733224.6875,714829.625,3474895993839.0,714829.625
2020-04-15,770442.1875,705881.375,714651.375,768282.125,5050402862677.0,768282.125
2020-04-17,781992.875,762625.75,762953.25,780670.75,3490181818732.0,780670.75
2020-04-18,783129.3125,770924.25,781021.125,774142.875,3371528493565.0,774142.875
2020-04-19,780785.6875,736792.0625,773868.1875,740999.4375,4064335562036.0,740999.4375
2020-04-20,744438.0,734104.5625,740765.3125,741204.25,3510831294514.0,741204.25
2020-04-21,769931.5625,740222.5,741109.125,767352.375,3584807397768.0,767352.375
2020-04-22,805791.125,761390.25,767794.3125,799782.6875,4682700064363.0,799782.6875
2020-04-23,814339.5,800262.4375,800262.4375,811457.5625,3722214297303.0,811457.5625
2020-04-24,821244.125,808692.4375,811412.6875,813881.5,3541709046306.0,813881.5
2020-04-25,827544.375,812964.5625,813903.3125,825718.1875,3555612067920.0,825718.1875
2020-04-26,836347.125,825670.0,825670.0,836347.125,3879637615718.0,836347.125
2020-04-27,834060.125,826788.0,836494.0625,833500.25,3543225919718.0,833500.25
2020-04-28,946215.4375,829556.8125,833463.3125,938362.25,6418606085309.0,938362.25
2020-04-29,1004825.125,913169.875,938003.1875,929085.75,7185481727923.0,929085.75
2020-04-30,966115.6875,930073.875,930612.4375,947909.5,4712232942373.0,947909.5
2020-05-01,963138.3125,942199.125,948368.3125,961150.3125,4291569028435.0,961150.3125
2020-05-02,980310.625,944295.5,960617.625,949615.6875,5027114654417.0,949615.6875
2020-05-03,956122.875,922735.3125,949431.75,950957.9375,4878081265610.0,950957.9375
2020-05-04,965967.3125,945701.0,950976.9375,958327.3125,4592916533949.0,958327.3125
2020-05-05,998152.0625,953083.5,958792.5625,984296.1875,5243047532689.0,984296.1875
2020-05-06,1062909.625,970869.125,983566.9375,1058360.625,6499437559482.0,1058360.625
2020-05-07,1063551.0,1038983.0625,1056727.5,1049976.25,5523763078123.0,1049976.25
2020-05-08,1057571.25,1022024.8125,1049788.5,1023438.5,4967487497107.0,1023438.5
2020-05-09,1023618.125,895556.4375,1023147.5625,936261.6875,6770913011225.0,936261.6875
2020-05-10,969354.6875,902115.5625,936165.9375,925256.5,6144126171961.0,925256.5
2020-05-11,960213.6875,921806.125,926180.5,943373.625,4515466781280.0,943373.625
2020-05-12,997641.9375,943471.125,943471.125,991313.9375,4871896805533.0,991313.9375
2020-05-13,1046603.3125,988993.0,991457.3125,1044984.75,6057832927889.0,1044984.75
2020-05-14,1047268.0,991812.375,1045045.875,998616.0625,5155567781011.0,998616.0625
2020-05-15,1023881.5,991389.625,999155.875,1003842.0625,3871564397130.0,1003842.0625
2020-05-16,1051586.625,1000901.5,1003618.9375,1036925.9375,4297954640202.0,1036925.9375
2020-05-17,1061530.25,1026964.875,1037457.3125,1044296.25,4490781814782.0,1044296.25
2020-05-18,1059499.75,1024433.1875,1044348.75,1048942.25,4232225319985.0,1048942.25
2020-05-19,1056933.875,1015571.3125,1048542.375,1024637.875,3932241388993.0,1024637.875
2020-05-20,1028939.0625,954282.5625,1024611.9375,977479.5625,4232715784618.0,977479.5625
2020-05-21,993090.0,967907.625,977325.9375,988274.5625,3208383368385.0,988274.5625
2020-05-22,1001181.375,981336.125,988542.0,991149.1875,2984210595033.0,991149.1875
2020-05-23,999664.125,947029.25,991471.625,947052.25,3503494570489.0,947052.25
2020-05-24,964200.8125,939082.125,946593.25,959165.5625,3369343435388.0,959165.5625
2020-05-25,969289.125,942345.5625,959451.0625,949750.5625,3180240928431.0,949750.5625
2020-05-26,990981.3125,949715.8125,950000.8125,989745.875,3529544469950.0,989745.875
2020-05-27,1028177.75,986371.1875,990169.1875,1025429.625,3699552414586.0,1025429.625
2020-05-28,1030673.875,1005732.9375,1025710.0,1017395.9375,3545764177192.0,1017395.9375
2020-05-29,1045948.8125,1009592.8125,1017373.25,1045559.0,3527045492081.0,1045559.0
2020-05-30,1045551.4375,1015738.25,1045525.75,1019113.375,2991645161923.0,1019113.375
2020-05-31,1096779.625,1016505.625,1019387.6875,1093377.875,3785254621993.0,1093377.875
2020-06-01,1104437.75,1026150.3125,1092916.0,1037104.75,4259209303857.0,1037104.75
2020-06-02,1055405.875,1027482.1875,1037535.3125,1052556.5,2725746372934.0,1052556.5
2020-06-03,1078679.0,1037146.9375,1052462.375,1069631.625,2829079883751.0,1069631.625
2020-06-04,1078636.875,1059938.875,1069585.75,1059245.75,2576420268929.0,1059245.75
2020-06-05,1071070.5,1051080.375,1059177.0,1057946.75,2239846419599.0,1057946.75
2020-06-06,1070969.25,1036518.75,1057872.625,1070051.625,2742905578309.0,1070051.625
2020-06-07,1069465.375,1050934.5,1070184.375,1059434.625,2329571153483.0,1059434.625
2020-06-08,1065631.75,1042958.625,1059745.875,1056010.75,2556866464455.0,1056010.75
2020-06-09,1061644.125,1044149.625,1055840.375,1056180.75,2750812670315.0,1056180.75
2020-06-10,1063474.375,990152.6875,1056179.0,995878.5,3231408198716.0,995878.5
2020-06-11,1024843.9375,991924.625,995762.0,1017896.5625,2427549343340.0,1017896.5625
2020-06-12,1019224.4375,1008788.4375,1017885.0,1017298.9375,1885767118888.0,1017298.9375
2020-06-13,1018049.8125,1005110.8125,1017543.375,1007331.4375,2038074059918.0,1007331.4375
2020-06-14,1020432.25,963887.6875,1007250.625,1015704.75,2869524070285.0,1015704.75
2020-06-15,1029867.8125,1008662.125,1016087.8125,1024578.3125,2316578474037.0,1024578.3125
2020-06-16,1023620.625,998440.375,1024122.8125,1013290.75,2156681068559.0,1013290.75
2020-06-17,1013560.8125,998217.625,1013431.0,1007169.0625,1901591686690.0,1007169.0625
2020-06-18,1008511.75,991329.1875,1007003.625,992796.0,2098487685386.0,992796.0
2020-06-19,1004228.1875,988452.125,993110.4375,997533.625,1831083026378.0,997533.625
2020-06-20,1004884.0625,993701.375,997382.4375,994043.1875,1637319850334.0,994043.1875
2020-06-21,1031992.125,993037.0,993753.1875,1031496.125,2256124137091.0,1031496.125
2020-06-22,1029525.75,1020369.0,1030999.9375,1024949.5625,1810109486568.0,1024949.5625
2020-06-23,1031541.5625,991168.1875,1025214.6875,996956.8125,2029718973881.0,996956.8125
2020-06-24,1001513.1875,975037.0,997012.0625,992866.0,1994993505029.0,992866.0
2020-06-25,997919.75,975452.75,992456.875,982081.5,1965838308367.0,982081.5
2020-06-26,986893.1875,964428.875,982607.375,969485.0,1851330123217.0,969485.0
2020-06-27,985793.0625,961996.875,969814.0625,980205.75,1560947186802.0,980205.75
2020-06-28,993874.125,971450.125,979824.8125,988825.625,1770957339032.0,988825.625
2020-06-29,992710.25,978554.4375,988258.3125,986811.9375,1699308798374.0,986811.9375
2020-06-30,1000382.375,980780.25,987674.9375,990802.25,1714790827686.0,990802.25
2020-07-01,997791.25,972202.1875,991104.375,980748.375,1756400877738.0,980748.375
2020-07-02,989486.6875,973879.125,980902.3125,976944.0625,1406074124669.0,976944.0625
2020-07-03,987263.75,973323.875,976614.0,981801.625,1321311449149.0,981801.625
2020-07-04,984994.0625,964988.8125,981113.875,976270.0625,1388283918666.0,976270.0625
2020-07-05,1006560.375,974660.6875,976152.5,1006560.375,1920609191994.0,1006560.375
2020-07-06,1004661.0625,991022.375,1003735.3125,995313.75,1488800627870.0,995313.75
2020-07-07,1013891.875,995551.4375,995393.625,1011547.0,2113826787116.0,1011547.0
2020-07-08,1011788.875,990315.1875,1011510.625,994978.5625,1930413339390.0,994978.5625
2020-07-09,993016.4375,974100.8125,994484.0625,992090.125,1802675006866.0,992090.125
2020-07-10,993664.5,983609.0,991951.5625,987839.1875,1416481618122.0,987839.1875
2020-07-11,996292.5,983409.5,987914.9375,991797.0,1545174273267.0,991797.0
2020-07-12,998065.375,989029.75,991872.3125,991627.1875,1879473866004.0,991627.1875
2020-07-13,995947.375,984985.9375,991100.375,991321.9375,1939595497445.0,991321.9375
2020-07-14,994612.5625,980993.3125,991180.75,982741.875,1693849339584.0,982741.875
2020-07-15,984871.8125,973849.8125,982650.25,979751.0625,1685873005669.0,979751.0625
2020-07-16,984323.875,974379.1875,979706.4375,979244.5,1492138454058.0,979244.5
2020-07-17,987761.1875,973833.5,979222.25,980062.8125,1311089322949.0,980062.8125
2020-07-18,985074.125,973492.0,979952.1875,983726.25,1385661918806.0,983726.25
2020-07-19,989198.0,978979.0625,983876.5625,982283.3125,1474417173599.0,982283.3125
2020-07-20,1007677.8125,980309.9375,982099.25,1001404.375,1930152087933.0,1001404.375
2020-07-21,1021376.1875,996093.875,1001425.0,1020895.125,1771869215623.0,1020895.125
2020-07-22,1026436.1875,1016042.25,1021085.75,1023694.4375,1938861074537.0,1023694.4375
2020-07-23,1021444.75,1007520.625,1024169.125,1012269.3125,1756951643478.0,1012269.3125
2020-07-24,1030065.625,1011560.25,1012544.5,1027152.6875,1763033883594.0,1027152.6875
2020-07-25,1063951.625,1024577.0,1027484.0,1049828.875,2173601797661.0,1049828.875
2020-07-26,1195730.375,1048180.5,1049834.25,1157242.75,3723072234031.0,1157242.75
2020-07-27,1179177.0,1118307.125,1160042.5,1147090.5,3023767256717.0,1147090.5
2020-07-28,1186243.875,1142234.375,1147104.125,1165732.875,2585218568547.0,1165732.875
2020-07-29,1169835.625,1144320.0,1165666.125,1163136.75,2392727186496.0,1163136.75
2020-07-30,1209967.375,1146250.0,1163031.75,1198464.375,2451280959605.0,1198464.375
2020-07-31,1248347.25,1189596.75,1198369.5,1244623.5,2759822869178.0,1244623.5
2020-08-01,1273681.75,1166147.875,1244535.875,1170240.625,2901890123831.0,1170240.625
2020-08-02,1215515.25,1165653.125,1169198.25,1192546.0,2149582085953.0,1192546.0
2020-08-03,1207895.0,1177140.125,1192530.5,1183560.75,2244435186499.0,1183560.75
2020-08-04,1244230.625,1178476.75,1183342.25,1240124.375,2577077826076.0,1240124.375
2020-08-05,1256681.375,1224052.875,1240425.125,1243732.25,2470697331410.0,1243732.25
2020-08-06,1256246.5,1208267.125,1243639.375,1228932.5,2450382898320.0,1228932.5
2020-08-07,1249969.125,1224373.125,1229258.75,1245211.875,1861566235237.0,1245211.875
2020-08-08,1250721.75,1223466.625,1243440.5,1236011.25,1851476225506.0,1236011.25
2020-08-09,1274345.75,1234584.0,1234584.0,1258972.875,2767860905345.0,1258972.875
2020-08-10,1265231.375,1192477.375,1259347.75,1215483.375,2880358766151.0,1215483.375
2020-08-11,1255312.25,1200690.125,1214851.875,1237560.625,2677520392069.0,1237560.625
2020-08-12,1262093.5,1197833.0,1237931.375,1260781.875,2944593243659.0,1260781.875
2020-08-13,1294973.875,1244387.625,1259553.875,1254414.875,2583464298464.0,1254414.875
2020-08-14,1275128.375,1254396.5,1254396.5,1264735.625,2489343859545.0,1264735.625
2020-08-15,1272111.75,1251038.0,1264840.75,1267279.375,2193333617169.0,1267279.375
2020-08-16,1309985.875,1257891.25,1267583.5,1298929.875,2992050141776.0,1298929.875
2020-08-17,1302709.25,1259947.25,1298664.25,1261868.375,2740596004541.0,1261868.375
2020-08-18,1265919.875,1239745.5,1261831.75,1247354.0,2599335955072.0,1247354.0
2020-08-19,1258908.75,1242324.125,1247695.125,1255096.125,2131762572593.0,1255096.125
2020-08-20,1257962.875,1223678.5,1255059.625,1226589.25,2514277708442.0,1226589.25
2020-08-21,1236844.125,1211386.375,1225847.375,1236041.875,2139900756517.0,1236041.875
2020-08-22,1238841.625,1223143.25,1235816.5,1235128.25,1956966483704.0,1235128.25
2020-08-23,1248491.75,1230321.0,1235005.5,1248013.0,2192074793891.0,1248013.0
2020-08-24,1247681.25,1190684.125,1247906.25,1209189.125,2798092709486.0,1209189.125
2020-08-25,1222226.0,1203263.0,1209270.0,1216266.0,2378531665983.0,1216266.0
2020-08-26,1225441.875,1192199.5,1215974.375,1207470.5,2478241661627.0,1207470.5
2020-08-27,1216388.125,1208005.5,1207672.875,1216059.875,2086779634034.0,1216059.875
2020-08-28,1220605.0,1208031.125,1215907.625,1212305.625,1842194893302.0,1212305.625
2020-08-29,1236780.5,1210779.75,1212500.375,1235783.5,2085064000561.0,1235783.5
2020-08-30,1247580.375,1228647.25,1235973.375,1238257.5,2362481110477.0,1238257.5
2020-08-31,1278857.25,1228762.5,1238098.125,1267546.0,2892002387487.0,1267546.0
2020-09-01,1266947.125,1198235.5,1266947.125,1212341.625,2977993003817.0,1212341.625
2020-09-02,1215432.125,1080372.375,1211614.75,1086903.0,3387099323823.0,1086903.0
2020-09-03,1132497.625,1085269.125,1085319.0,1116832.75,3183659708964.0,1116832.75
2020-09-04,1124244.125,1056789.25,1116908.875,1080470.625,4772182113015.0,1080470.625
2020-09-05,1100363.875,1068498.625,1080220.875,1092950.5,3941233752719.0,1092950.5
2020-09-06,1104733.25,1053153.0,1093019.125,1102352.0,3582858431049.0,1102352.0
2020-09-07,1102711.25,1056477.125,1102324.75,1073614.75,3542602693638.0,1073614.75
2020-09-08,1099445.0,1061067.25,1073894.0,1088085.625,2563245052519.0,1088085.625
2020-09-09,1115210.875,1087638.125,1088083.75,1100062.75,5775325556461.0,1100062.75
2020-09-10,1108072.25,1076551.25,1100687.875,1104109.125,4798325082001.0,1104109.125
2020-09-11,1122996.625,1092588.25,1105058.875,1108488.625,3901204458280.0,1108488.625
2020-09-12,1122824.25,1085099.375,1109574.375,1095846.0,3875129409879.0,1095846.0
2020-09-13,1140978.0,1089680.375,1096374.5,1129311.625,3748595852442.0,1129311.625
2020-09-14,1152978.25,1127538.75,1128985.75,1137888.75,3426165227512.0,1137888.75
2020-09-15,1164454.875,1127706.0,1137974.125,1153115.0,3232951193364.0,1153115.0
2020-09-16,1159536.25,1126765.625,1152941.375,1146315.5,3994341954521.0,1146315.5
2020-09-17,1151476.125,1131211.75,1146611.75,1144420.625,2754441079602.0,1144420.625
2020-09-18,1164236.375,1140764.25,1143287.75,1160080.25,2380338903044.0,1160080.25
2020-09-19,1160239.625,1130815.75,1160239.625,1143373.125,2581831341721.0,1143373.125
2020-09-20,1146294.5,1086645.625,1143023.375,1095298.625,3023983408469.0,1095298.625
2020-09-21,1108981.25,1086946.875,1095022.75,1106875.625,2481043616586.0,1106875.625
2020-09-22,1118048.5,1073279.625,1106980.25,1076919.875,2420809579554.0,1076919.875
2020-09-23,1134908.5,1076750.25,1077090.0,1133001.25,2426948933690.0,1133001.25
2020-09-24,1135830.5,1117068.25,1133204.125,1130065.5,2241966168153.0,1130065.5
2020-09-25,1138112.5,1127931.75,1130060.0,1135571.75,1911726335631.0,1135571.75
2020-09-26,1140882.5,1123853.375,1135413.625,1137601.625,1902285272085.0,1137601.625
2020-09-27,1154953.625,1129912.875,1137307.625,1130506.75,2395741355018.0,1130506.75
2020-09-28,1147314.875,1126864.75,1129572.125,1146428.5,2162055846904.0,1146428.5
2020-09-29,1147475.375,1129328.125,1146067.125,1137577.375,2189146553249.0,1137577.375
2020-09-30,1152101.875,1108033.125,1137302.5,1121303.125,2868689124163.0,1121303.125
2020-10-01,1126300.5,1097376.0,1121415.0,1114988.25,2436170948399.0,1114988.25
2020-10-02,1118035.375,1108964.625,1114845.25,1112916.25,1800597575421.0,1112916.25
2020-10-03,1126691.625,1109319.0,1113171.875,1127394.25,1851493708390.0,1127394.25
2020-10-04,1142087.125,1124166.0,1127774.625,1142087.125,2049201698373.0,1142087.125
2020-10-05,1141833.5,1115801.0,1141640.75,1122099.125,2352125898023.0,1122099.125
2020-10-06,1133288.625,1119382.625,1121902.625,1131668.125,1868716152462.0,1131668.125
2020-10-07,1159739.125,1120110.625,1131508.0,1158224.125,2328627218196.0,1158224.125
2020-10-09,1208468.75,1167778.375,1168011.0,1193064.875,2416257000245.0,1193064.875
2020-10-10,1207053.75,1192248.0,1193035.375,1202434.75,2109152001192.0,1202434.75
2020-10-13,1213826.75,1188944.875,1205429.25,1201728.25,2534297324885.0,1201728.25
2020-10-14,1219879.75,1190422.0,1201422.875,1211141.375,2579956509541.0,1211141.375
2020-10-15,1215312.75,1180846.125,1211929.375,1193634.375,2702619524681.0,1193634.375
2020-10-16,1200396.125,1189757.125,1193634.375,1197427.375,2016824828208.0,1197427.375
2020-10-17,1210719.375,1196318.0,1197204.0,1210719.375,1927655539187.0,1210719.375
2020-10-18,1243826.125,1202656.25,1211950.625,1238304.625,2516335321885.0,1238304.625
2020-10-19,1265673.375,1232945.125,1238720.0,1256929.125,3260985403626.0,1256929.125
2020-10-20,1378683.75,1255022.375,1256585.5,1342420.625,4544776934994.0,1342420.625
2020-10-21,1380269.5,1331848.75,1340112.0,1360199.75,3643360160391.0,1360199.75
2020-10-22,1363220.25,1336194.75,1360793.25,1353997.125,3033825544640.0,1353997.125
2020-10-23,1376354.625,1349202.5,1354000.75,1372480.0,2569704066473.0,1372480.0
2020-10-24,1395632.625,1351748.25,1372480.125,1364331.375,2555343566905.0,1364331.375
2020-10-26,1388457.875,1344824.25,1364334.25,1370737.0,3088577251530.0,1370737.0
2020-10-27,1437912.875,1368542.5,1370736.5,1427493.875,3528414761697.0,1427493.875
2020-10-28,1443340.875,1348488.875,1427493.5,1384420.625,3741571105160.0,1384420.625
2020-10-29,1424786.625,1353561.875,1384422.125,1405046.0,5907507636850.0,1405046.0
2020-10-30,1428911.0,1371182.75,1405045.0,1417711.25,3200505333678.0,1417711.25
2020-10-31,1468122.75,1408397.75,1417712.375,1442250.0,3171723065142.0,1442250.0
2020-11-01,1450731.125,1426277.875,1442250.0,1436663.625,2557449669559.0,1436663.625
2020-11-02,1446152.5,1386419.75,1436655.5,1419068.25,3222525288138.0,1419068.25
2020-11-03,1463287.875,1395386.875,1419064.25,1458478.375,3122848680105.0,1458478.375
2020-11-04,1486591.0,1424427.25,1458497.875,1476166.75,3667658505702.0,1476166.75
2020-11-05,1628383.5,1471010.125,1476169.625,1614321.625,4233368602176.0,1614321.625
2020-11-06,1648765.125,1572633.0,1614309.25,1608998.75,4117919304609.0,1608998.75
2020-11-07,1626696.75,1490883.625,1608998.75,1533321.125,3620425351122.0,1533321.125
2020-11-08,1616383.375,1524054.75,1533321.125,1598339.25,2749888988925.0,1598339.25
2020-11-09,1646715.0,1568728.625,1598342.25,1611886.375,3590096519423.0,1611886.375
2020-11-10,1623292.375,1592083.5,1611890.0,1609551.0,2692069138824.0,1609551.0
2020-11-11,1679316.75,1608213.125,1609551.625,1655067.75,3138286193443.0,1655067.75
2020-11-12,1713965.75,1638289.25,1655063.5,1710236.875,3591017808002.0,1710236.875
2020-11-13,1727283.75,1673829.375,1710247.0,1707414.125,3306413479942.0,1707414.125
2020-11-14,1707414.25,1647917.125,1707414.25,1681290.0,2875549276186.0,1681290.0
2020-11-15,1687042.0,1653132.875,1681290.125,1670095.25,2475885800683.0,1670095.25
2020-11-16,1758720.375,1663006.375,1670094.125,1747519.0,3295839714990.0,1747519.0
2020-11-17,1853300.375,1731447.125,1744338.875,1838287.75,4063710142402.0,1838287.75
2020-11-18,1914534.25,1800034.375,1838265.375,1849782.75,5097685554471.0,1849782.75
2020-11-19,1883535.375,1808790.875,1849767.875,1849734.625,3839714476886.0,1849734.625
2020-11-20,1948939.5,1844828.625,1849734.0,1934047.0,3842153873153.0,1934047.0
2020-11-21,1966795.25,1915668.0,1934047.125,1936219.625,4118150184479.0,1936219.625
2020-11-22,1941073.75,1835385.375,1936219.625,1907192.0,4285775961770.0,1907192.0
2020-11-23,1940469.875,1868104.625,1907193.625,1919620.0,4467771210658.0,1919620.0
2020-11-24,2024598.625,1892677.0,1919713.375,1997035.75,5379393056444.0,1997035.75
2020-11-25,2025254.5,1939760.125,1996716.5,1955713.0,4563547078601.0,1955713.0
2020-11-26,1969325.875,1704164.75,1955475.0,1788106.875,6401172697096.0,1788106.875
2020-11-27,1815745.5,1718684.25,1788449.875,1781241.125,4048667036887.0,1781241.125
2020-11-28,1858862.75,1760652.5,1781713.0,1844648.5,3394257059965.0,1844648.5
2020-11-29,1902329.25,1828167.375,1844879.625,1892001.625,3240575016226.0,1892001.625
2020-11-30,2056797.0,1892088.875,1892088.875,2047112.0,4978414605007.0,2047112.0
2020-12-01,2071979.375,1912313.875,2047939.75,1961340.75,5177286940263.0,1961340.75
2020-12-02,2019381.125,1914914.625,1961209.875,2005563.625,3905163659985.0,2005563.625
2020-12-03,2030814.25,1976919.875,2006068.5,2019103.25,3315468542619.0,2019103.25
2020-12-04,2025161.0,1948013.875,2019266.0,1948281.875,3529079575736.0,1948281.875
2020-12-05,1996279.375,1936865.875,1948138.125,1995631.5,2838323403566.0,1995631.5
2020-12-06,2019035.75,1968924.375,1995626.25,2015928.0,2635828955819.0,2015928.0
2020-12-07,2022220.625,1969066.0,2015720.375,1996138.0,2797513222715.0,1996138.0
2020-12-08,2006564.875,1903034.0,1996127.375,1908000.625,3300498335667.0,1908000.625
2020-12-09,1942480.125,1869074.625,1907973.625,1934939.875,3589611619375.0,1934939.875
2020-12-10,1934875.625,1872298.75,1934875.625,1902819.5,2661461918719.0,1902819.5
2020-12-11,1902332.375,1833946.625,1902708.75,1878342.625,2903977698167.0,1878342.625
2020-12-12,1967860.375,1877004.75,1877553.875,1955806.0,2262529434356.0,1955806.0
2020-12-13,2015912.25,1948595.375,1956129.375,1990195.25,2646034323203.0,1990195.25
2020-12-14,2008261.375,1978209.0,1990414.625,2001886.75,2337571065311.0,2001886.75
2020-12-15,2024562.0,1986411.75,2001915.5,2012560.5,2771779748444.0,2012560.5
2020-12-16,2220954.0,2000830.25,2012741.125,2205172.75,4595344587596.0,2205172.75
2020-12-17,2437723.75,2198829.5,2204940.25,2352375.25,7362774626045.0,2352375.25
2020-12-18,2406264.25,2316835.0,2352543.75,2390579.5,4172816861256.0,2390579.5
2020-12-19,2488514.5,2358396.75,2390053.0,2466195.25,3976475581281.0,2466195.25
2020-12-20,2504488.75,2391586.75,2465361.75,2429418.75,3916101834983.0,2429418.75
2020-12-21,2486863.5,2295444.5,2429125.0,2356493.25,4738465315501.0,2356493.25
2020-12-22,2462657.5,2319128.25,2355558.75,2461945.75,4572511219374.0,2461945.75
2020-12-23,2488312.5,2361100.0,2461836.75,2406239.5,5295300967471.0,2406239.5
2020-12-24,2463742.75,2358198.75,2406121.25,2460278.75,4258102905734.0,2460278.75
2020-12-25,2557495.75,2429769.0,2460032.0,2552806.0,4354079317509.0,2552806.0
2020-12-26,2765320.5,2538098.5,2554071.25,2736233.5,5002429394306.0,2736233.5
2020-12-27,2927895.25,2685002.75,2736475.25,2719941.5,6882589773381.0,2719941.5
2020-12-28,2838385.0,2713211.5,2720824.25,2808532.0,5086889897508.0,2808532.0
2020-12-29,2834583.0,2694519.0,2808221.25,2833544.5,4687560384171.0,2833544.5
2020-12-30,2987243.0,2833301.5,2833301.5,2974300.25,5289154396572.0,2974300.25
2020-12-31,3018188.25,2906920.25,2974364.25,2994152.0,4827005948409.0,2994152.0
2021-01-01,3056116.5,2973696.5,2993356.0,3032586.75,4204995519656.0,3032586.75
2021-01-02,3422933.75,3003373.0,3032824.75,3316818.5,7006424719167.0,3316818.5
2021-01-03,3572986.75,3309080.5,3317039.5,3384645.75,8121949538886.0,3384645.75
2021-01-04,3443506.5,2950516.25,3387632.0,3297439.25,8370835611363.0,3297439.25
2021-01-05,3538100.75,3110727.5,3297968.25,3490580.5,6936232139853.0,3490580.5
2021-01-06,3799387.5,3438863.75,3492756.0,3793687.0,7756401126011.0,3793687.0
2021-01-07,4173615.25,3772641.75,3794666.75,4086832.25,8798564525490.0,4086832.25
2021-01-08,4359517.5,3825391.5,4087945.5,4240709.0,9158338554639.0,4240709.0
2021-01-09,4307225.5,4051868.25,4239776.5,4184379.5,6443129758589.0,4184379.5
2021-01-10,4305546.0,3737003.5,4184345.5,3992690.5,8325547942375.0,3992690.5
2021-01-11,3991659.0,3182565.5,3991659.0,3704018.25,12842973850599.0,3704018.25
2021-01-12,3808505.0,3407298.0,3698780.5,3519536.75,7757793009726.0,3519536.75
2021-01-13,3906184.75,3376941.25,3518723.25,3874520.25,7202027563814.0,3874520.25
2021-01-14,4153278.75,3835694.75,3875428.5,4069231.75,6605916213023.0,4069231.75
2021-01-15,4106715.25,3598930.5,4066052.25,3825602.75,7039325588424.0,3825602.75
2021-01-16,3932214.75,3700188.25,3825216.5,3756738.0,5992210548949.0,3756738.0
2021-01-17,3811814.75,3537758.5,3755233.25,3719322.25,5441078983056.0,3719322.25
2021-01-18,3870621.5,3618140.0,3719421.75,3798850.25,5134784391395.0,3798850.25
2021-01-19,3921553.5,3747671.0,3800111.0,3747671.0,5947700533041.0,3747671.0
2021-01-20,3778198.5,3477062.25,3745624.75,3681275.25,6921294828182.0,3681275.25
2021-01-21,3682315.5,3131449.5,3681445.75,3190721.75,7829700471754.0,3190721.75
2021-01-22,3510278.75,2999337.75,3189886.25,3425502.75,8012955908213.0,3425502.75
2021-01-23,3462368.75,3268517.25,3423426.5,3328140.0,5018495936290.0,3328140.0
2021-01-24,3419093.5,3228407.0,3327801.0,3351379.25,5048840465570.0,3351379.25
2021-01-25,3611807.0,3329573.25,3351007.75,3358450.25,6215128049677.0,3358450.25
2021-01-26,3398138.5,3215278.5,3357643.0,3374342.25,6242657494451.0,3374342.25
2021-01-27,3373739.25,3057207.25,3373739.25,3169367.25,6516994303336.0,3169367.25
2021-01-28,3325880.0,3130910.0,3170251.75,3301152.75,8234540048021.0,3301152.75
2021-01-29,4020245.25,3352119.75,3579544.75,3592754.0,12342971895284.0,3592754.0
2021-01-30,3647019.75,3448672.75,3590612.75,3587504.75,6819372347748.0,3587504.75
2021-01-31,3589474.0,3378526.0,3587646.75,3467669.25,5524350199460.0,3467669.25
2021-02-01,3632683.0,3390644.75,3467692.25,3517524.5,6439940089449.0,3517524.5
2021-02-02,3772511.0,3513220.0,3517107.5,3729689.0,6626271236171.0,3729689.0
2021-02-03,3935045.0,3721972.75,3729745.0,3934588.25,6422546490087.0,3934588.25
2021-02-04,4059202.25,3830247.25,3934904.75,3898506.25,7267648541970.0,3898506.25
2021-02-05,4038098.75,3867719.5,3899084.75,4019455.25,6174769396021.0,4019455.25
2021-02-06,4304203.5,4018831.5,4018831.5,4137654.75,7515978542990.0,4137654.75
2021-02-07,4175149.75,3945887.25,4135987.5,4100303.0,6903566041489.0,4100303.0
2021-02-08,4861412.0,4015782.75,4098552.0,4860626.5,10676017683035.0,4860626.5
2021-02-09,5032736.5,4725553.5,4859419.5,4861180.0,9601841026696.0,4861180.0
2021-02-10,4938889.0,4593347.5,4859993.5,4699295.5,9133352723878.0,4699295.5
2021-02-11,5075942.5,4621745.5,4697258.5,5018622.0,8525691984359.0,5018622.0
2021-02-12,5106067.0,4878406.5,5015239.0,4985397.0,8034069636571.0,4985397.0
2021-02-13,5042370.5,4868638.0,4983965.0,4944005.0,7373204669639.0,4944005.0
2021-02-14,5194023.5,4944949.0,4944949.0,5118628.0,7485955808875.0,5118628.0
2021-02-15,5136843.5,4866887.5,5116447.5,5052114.5,8121086906355.0,5052114.5
2021-02-16,5307425.0,4976384.5,5052051.5,5221164.0,8176617310188.0,5221164.0
2021-02-17,5562161.0,5209370.0,5221950.0,5520363.5,8555460885139.0,5520363.5
2021-02-18,5551026.0,5395121.0,5519513.0,5460206.0,5499818684505.0,5460206.0
2021-02-19,5916876.0,5384070.0,5459803.0,5893122.5,6695280726369.0,5893122.5
2021-02-20,6063637.0,5760096.0,5893038.5,5919705.5,7190811160122.0,5919705.5
2021-02-21,6155129.5,5874657.5,5916439.5,6072535.5,5477063550673.0,6072535.5
2021-02-22,6070003.5,5160265.0,6071775.0,5692256.5,9666332606602.0,5692256.5
2021-02-23,5692005.5,4767434.5,5692005.5,5141033.0,11172203451546.0,5141033.0
2021-02-24,5411246.0,4970468.5,5142155.5,5266578.5,6748922664226.0,5266578.5
2021-02-25,5512480.0,5010343.5,5266975.5,5010343.5,5798986255265.0,5010343.5
2021-02-26,5158720.0,4713658.0,5019558.0,4939588.5,37411440676187.0,4939588.5
2021-02-27,5143559.0,4825453.5,4940122.5,4923459.5,4893879024141.0,4923459.5
2021-02-28,4979739.5,4609342.0,4924053.0,4806435.5,5690901096858.0,4806435.5
2021-03-01,5320318.0,4802892.0,4808749.5,5302353.5,5757477047484.0,5302353.5
2021-03-02,5355372.5,5041585.0,5300309.5,5164831.0,5074290615701.0,5164831.0
2021-03-03,5614850.0,5152246.0,5168762.5,5411180.5,5698405558929.0,5411180.5
2021-03-04,5536637.5,5143450.5,5409473.5,5242518.0,5650881417292.0,5242518.0
2021-03-05,5351757.5,5019726.5,5238833.0,5301517.5,5268861737396.0,5301517.5
2021-03-06,5325346.0,5120588.5,5298475.5,5299900.5,3723463492789.0,5299900.5
2021-03-07,5570322.0,5300583.0,5300583.0,5551061.5,4676316283845.0,5551061.5
2021-03-08,5698833.0,5366852.0,5547530.0,5691187.5,5293693538571.0,5691187.5
2021-03-09,5952638.0,5669580.5,5694068.5,5952638.0,5527896912770.0,5952638.0
2021-03-10,6206279.5,5800553.5,5952626.5,6074071.0,6213648096630.0,6074071.0
2021-03-11,6306810.0,5918171.0,6069151.0,6276162.5,6164028819637.0,6276162.5
2021-03-12,6294995.0,6035224.0,6277910.0,6249197.5,6070203890687.0,6249197.5
2021-03-13,6723541.0,6127759.0,6250427.5,6675496.0,6613011360568.0,6675496.0
2021-03-14,6714173.0,6470831.5,6673103.5,6470831.5,4790326128624.0,6470831.5
2021-03-15,6606172.5,6044710.0,6467025.0,6101050.5,7248224067435.0,6101050.5
2021-03-16,6195101.0,5849529.5,6093802.5,6193722.5,6514819290206.0,6193722.5
2021-03-17,6416329.0,5955105.5,6196004.5,6411011.0,6562100177363.0,6411011.0
2021-03-18,6553693.0,5922863.5,6413427.0,6302688.0,6072527738250.0,6302688.0
2021-03-19,6479432.5,6175183.0,6301764.0,6355409.0,5344282338255.0,6355409.0
2021-03-20,6538908.0,6340883.5,6353841.5,6351813.5,5485651456483.0,6351813.5
2021-03-21,6401293.0,6100411.5,6351407.0,6262833.5,5655313286269.0,6262833.5
2021-03-22,6353628.0,5908312.0,6262231.5,5931680.5,6148403872106.0,5931680.5
2021-03-23,6086569.0,5814095.5,5929778.5,5940237.0,6124294307116.0,5940237.0
2021-03-24,6236600.5,5711430.0,5937149.0,5741365.0,7677078842958.0,5741365.0
2021-03-25,5818221.5,5550537.0,5736195.5,5645039.5,7424192366055.0,5645039.5
2021-03-26,6043876.0,5631468.0,5642730.5,6043876.0,6209930032634.0,6043876.0
2021-03-27,6200724.5,5945836.0,6043904.0,6135536.0,5181121485706.0,6135536.0
2021-03-28,6205338.5,6044056.5,6135692.5,6142776.5,5235462032405.0,6142776.5
2021-03-28,6396534.0,6034008.5,6142464.0,6343224.0,6329536853463.0,6343224.0
2021-03-29,6557940.5,6294140.0,6343217.0,6499116.5,6002334121032.0,6499116.5
2021-03-30,6634521.5,6389997.0,6500504.5,6525806.5,7257038580470.0,6525806.5
2021-03-31,6598826.5,6480366.5,6526663.0,6536843.5,6821493439910.0,6536843.5
2021-04-01,6668444.0,6513144.0,6537183.0,6574170.0,6501497173881.0,6574170.0
2021-04-02,6654537.5,6377067.5,6575620.0,6377067.5,6602624861732.0,6377067.5
2021-04-03,6522076.0,6328887.0,6377172.5,6503397.0,5616972697485.0,6503397.0
2021-04-04,6593388.0,6384452.0,6503653.5,6507824.0,6689466949398.0,6507824.0
2021-04-05,6558663.0,6334606.0,6520392.0,6388531.5,7252048486593.0,6388531.5
2021-04-06,6444169.0,6108602.5,6387889.5,6157340.0,8310128293135.0,6157340.0
2021-04-07,6377198.5,6138811.0,6162940.0,6376383.0,5800218875700.0,6376383.0
2021-04-08,6461249.0,6333950.0,6376668.0,6387438.0,5116443263675.0,6387438.0
2021-04-09,6719905.5,6364814.5,6388400.0,6556926.0,6386430677798.0,6556926.0
2021-04-10,6666292.5,6501719.0,6562737.5,6605839.5,5077985013753.0,6605839.5
2021-04-11,6703831.5,6513654.0,6602655.0,6550636.5,5668581236408.0,6550636.5
2021-04-12,6962697.0,6548845.0,6550261.0,6916987.0,7622807799451.0,6916987.0
2021-04-13,7063689.0,6706518.0,6919198.0,6871005.0,8432485061650.0,6871005.0
2021-04-14,6940543.0,6770131.5,6867249.0,6881790.0,6625314596998.0,6881790.0
2021-04-15,6915006.0,6549341.0,6875756.5,6698195.0,9169813805049.0,6698195.0
2021-04-16,6806913.5,6566409.5,6693531.5,6601489.5,7194904919353.0,6601489.5
2021-04-17,6642135.5,5747589.5,6603454.5,6112133.0,10597351925087.0,6112133.0
2021-04-18,6223555.0,5876266.5,6109458.0,6024127.5,7064171992852.0,6024127.5
2021-04-19,6167848.0,5791407.5,6019536.0,6104142.0,7333799501653.0,6104142.0
2021-04-20,6126427.0,5800507.0,6103936.0,5824243.0,5934504648896.0,5824243.0
2021-04-21,5992380.5,5460194.0,5818950.5,5589692.0,8077336588728.0,5589692.0
2021-04-22,5625240.5,5149509.5,5587266.0,5514281.5,9353714857994.0,5514281.5
2021-04-23,5522258.5,5266334.0,5519632.0,5400739.0,5288909059300.0,5400739.0
2021-04-24,5449852.0,5090218.0,5400951.0,5286721.0,4975247960675.0,5286721.0
2021-04-25,5869311.0,5267748.0,5294654.5,5845235.0,6306420535085.0,5845235.0
2021-04-26,6023464.0,5772895.0,5846160.0,5984851.5,5377494224779.0,5984851.5
2021-04-27,6106065.5,5873010.5,5985234.5,5948864.5,5208398169605.0,5948864.5
2021-04-28,5977804.5,5707537.0,5952487.0,5832419.0,5019314897661.0,5832419.0
2021-04-29,6331359.0,5789160.5,5833895.5,6314897.5,5729418604730.0,6314897.5
2021-04-30,6391240.5,6235842.0,6311014.5,6320635.0,4682042928635.0,6320635.0
2021-05-01,6328782.5,6136338.5,6320395.5,6189097.0,4172332274271.0,6189097.0
2021-05-02,6465303.0,6189900.0,6187916.5,6239837.0,5641257054049.0,6239837.0
2021-05-03,6241351.5,5815432.0,6241351.5,5831062.5,7496316542148.0,5831062.5
2021-05-04,6328534.5,5790120.5,5822165.5,6271965.0,7562675097726.0,6271965.0
2021-05-05,6369322.0,6040561.5,6273854.5,6150143.5,7581641699906.0,6150143.5
2021-05-06,6367728.0,6034120.0,6152045.0,6228332.5,7431251537339.0,6228332.5
2021-05-07,6456965.0,6186939.0,6227937.5,6385208.0,7099610952120.0,6385208.0
2021-05-08,6429413.5,6133098.5,6393201.5,6322573.5,7155818904455.0,6322573.5
2021-05-09,6480943.5,5879838.0,6324588.5,6080070.0,7812531639937.0,6080070.0
2021-05-10,6177419.0,5946227.0,6078703.5,6164743.0,6665256164782.0,6164743.0
2021-05-11,6307211.5,5390209.0,6165826.0,5390209.0,8248674025624.0,5390209.0
2021-05-12,5624436.0,5156458.0,5454353.0,5444818.0,10592707226114.0,5444818.0
2021-05-13,5627304.0,5352832.0,5441181.0,5455683.5,6096288783877.0,5455683.5
2021-05-14,5538713.5,5103890.5,5452944.5,5114395.5,6470739567514.0,5114395.5
2021-05-15,5438130.0,4805054.5,5109632.5,5083175.5,7008054057676.0,5083175.5
2021-05-16,5101985.0,4605015.5,5078781.5,4755265.0,8181143924681.0,4755265.0
2021-05-17,4998895.0,4614270.0,4749863.5,4671494.0,6117049763369.0,4671494.0
2021-05-18,4743696.0,3338886.25,4675367.0,4042997.75,13806264943358.0,4042997.75
2021-05-19,4624707.5,3828193.25,4015816.25,4438949.5,9608945128979.0,4438949.5
2021-05-20,4589976.0,3661168.0,4418727.5,4064905.25,8940753385117.0,4064905.25
2021-05-21,4231225.5,3855582.75,4072133.75,4090178.5,6252113847086.0,4090178.5
2021-05-22,4172184.25,3402686.75,4089613.75,3787142.5,8546716424823.0,3787142.5
2021-05-23,4333207.0,3760060.75,3779494.25,4213300.5,7332360167440.0,4213300.5
2021-05-24,4327617.0,3982614.0,4223076.0,4177854.75,6115406744058.0,4177854.75
2021-05-25,4439312.5,4122960.75,4176810.25,4289782.0,5605568005848.0,4289782.0
2021-05-26,4419327.5,4064007.0,4292259.0,4220763.5,4744996475208.0,4220763.5
2021-05-27,4270497.5,3820477.25,4228463.0,3921382.0,6063740819288.0,3921382.0
2021-05-28,4090209.5,3701278.0,3919904.5,3802575.0,4968626596343.0,3802575.0
2021-05-29,3998613.25,3682253.0,3801623.5,3921401.0,3478236577104.0,3921401.0
2021-05-30,4103485.25,3755622.25,3919253.75,4087723.5,4271344257413.0,4087723.5
2021-05-31,4146244.0,3916431.25,4083446.5,4016834.25,3792860973658.0,4016834.25
2021-06-01,4190671.0,3943310.0,4018476.5,4118070.5,3624418225094.0,4118070.5
2021-06-02,4329984.0,4084276.5,4120726.25,4324374.0,3911001625343.0,4324374.0
2021-06-03,4328093.0,3931521.25,4328093.0,4040123.25,4580715174008.0,4040123.25
2021-06-04,4152180.75,3821771.0,4038563.0,3893118.75,3937743547052.0,3893118.75
2021-06-05,3989971.75,3867793.25,3891656.75,3930911.0,3169231135954.0,3930911.0
2021-06-06,4031529.25,3658692.75,3927939.25,3667301.5,3680767267071.0,3667301.5
2021-06-07,3716876.0,3405532.75,3670450.0,3664073.75,5462516014052.0,3664073.75
2021-06-08,4115259.5,3554922.0,3657981.5,4093557.5,5916201037329.0,4093557.5
2021-06-09,4198011.0,3918838.5,4098423.75,4015089.0,4767009797490.0,4015089.0
2021-06-10,4116867.0,3943761.5,4014480.0,4094856.0,4244607037634.0,4094856.0
2021-06-11,4103030.25,3809005.75,4095486.0,3899418.25,4159548873970.0,3899418.25
2021-06-12,4311735.5,3823913.5,3899777.25,4289778.0,4462174391457.0,4289778.0
2021-06-13,4504362.5,4255026.5,4280903.0,4425560.5,4748020105820.0,4425560.5
2021-06-14,4545742.0,4361379.0,4448525.0,4448003.0,5110022862621.0,4448003.0
2021-06-15,4459965.0,4227604.5,4421850.0,4247901.0,4343674225061.0,4247901.0
2021-06-16,4373827.5,4129072.0,4247276.5,4198268.5,4092705138159.0,4198268.5
2021-06-17,4211634.5,3883379.5,4203340.0,3943574.25,3989155487407.0,3943574.25
2021-06-18,4017465.5,3849447.5,3950988.5,3924689.5,3438885080097.0,3924689.5
2021-06-19,3975738.25,3684046.5,3918879.0,3934166.5,4040596537000.0,3934166.5
2021-06-20,3937676.5,3452823.25,3927868.25,3496394.25,5828929657385.0,3496394.25
2021-06-21,3683377.25,3197928.0,3490399.0,3596913.75,6524700487668.0,3596913.75
2021-06-22,3853996.5,3518263.0,3598026.25,3743566.5,5141625208045.0,3743566.5
2021-06-23,3906537.5,3595773.5,3739100.75,3844851.0,3674133424542.0,3844851.0
2021-06-24,3934265.75,3473520.5,3844481.5,3505307.25,4457382154273.0,3505307.25
2021-06-25,3616080.75,3344291.25,3500530.0,3566078.0,4275066945366.0,3566078.0
2021-06-26,3840939.0,3553389.75,3577295.5,3839622.5,3935142584472.0,3839622.5
2021-06-27,3897245.5,3762219.25,3842889.0,3808747.5,3748818159687.0,3808747.5
2021-06-28,4038935.5,3785756.0,3813307.25,3964638.75,4189431568961.0,3964638.75
2021-06-29,3988786.25,3786319.5,3969127.75,3894158.25,3785048799757.0,3894158.25
2021-06-30,3893618.75,3668690.0,3893618.75,3745714.0,4221774425856.0,3745714.0
2021-07-01,3786721.25,3656442.0,3743201.5,3764437.75,4301047487249.0,3764437.75
2021-07-02,3876149.75,3709537.5,3759703.75,3849422.25,2707472847954.0,3849422.25
2021-07-03,3988581.25,3819212.75,3849091.0,3921883.75,2770087581241.0,3921883.75
2021-07-04,3921502.0,3683303.75,3921502.0,3743376.5,2964168573403.0,3743376.5
2021-07-05,3881954.5,3718066.0,3740881.5,3786503.75,2931110011710.0,3786503.75
2021-07-06,3869728.75,3743826.75,3785451.5,3745601.0,2743320897893.0,3745601.0
2021-07-07,3749502.5,3529091.0,3749393.5,3610008.25,3284227702486.0,3610008.25
2021-07-08,3748550.5,3550414.75,3608284.25,3721651.5,3021104111732.0,3721651.5
2021-07-09,3766915.25,3646238.5,3723108.5,3690776.75,2529318128165.0,3690776.75
2021-07-10,3808900.0,3671642.5,3689517.0,3774107.5,2216474640452.0,3774107.5
2021-07-11,3810165.0,3608246.0,3775631.75,3658078.0,2683386179621.0,3658078.0
2021-07-12,3674129.75,3567795.75,3654726.25,3616778.75,2114728505857.0,3616778.75
2021-07-13,3636125.75,3496408.0,3619192.0,3610392.75,2351375679992.0,3610392.75
2021-07-14,3643730.5,3426241.75,3611000.5,3488936.25,2338403501491.0,3488936.25
2021-07-15,3548213.0,3426596.25,3495613.25,3458851.5,2608814684603.0,3458851.5
2021-07-16,3515987.75,3437105.75,3456184.25,3470056.5,2079302359445.0,3470056.5
2021-07-17,3565347.5,3435108.75,3470146.25,3493744.5,2064371368552.0,3493744.5
2021-07-18,3505478.25,3337878.25,3494096.25,3375415.5,2238181629246.0,3375415.5
2021-07-19,3395138.75,3220473.25,3377655.75,3276389.75,2544431230767.0,3276389.75
2021-07-20,3613646.0,3246905.75,3275173.75,3540200.25,3109380323962.0,3540200.25
2021-07-21,3586580.25,3499895.5,3543307.25,3559078.75,2153881532516.0,3559078.75
2021-07-22,3712490.0,3542942.25,3558291.5,3712490.0,2493161976482.0,3712490.0
2021-07-23,3813050.75,3695167.5,3713836.25,3791167.0,2395120002798.0,3791167.0
2021-07-24,3909504.0,3745772.75,3790928.75,3907874.75,2305654416781.0,3907874.75
2021-07-25,4470719.0,3900500.75,3911616.0,4118638.0,5628161453757.0,4118638.0
2021-07-26,4327250.0,4016261.0,4111854.25,4327250.0,3854018862837.0,4327250.0
2021-07-27,4493359.5,4278457.5,4337818.5,4395200.0,4253055629980.0,4395200.0
2021-07-28,4458601.0,4317531.0,4395150.0,4377601.5,2972547616780.0,4377601.5
2021-07-29,4633872.5,4206622.0,4379687.0,4633872.5,3628580049769.0,4633872.5
2021-07-30,4633423.0,4510474.5,4629567.0,4567017.5,2830958917258.0,4567017.5
2021-07-31,4667460.0,4339638.0,4548876.0,4385706.0,2928028578297.0,4385706.0
2021-08-01,4432973.5,4235983.0,4378285.5,4283639.5,2796822809027.0,4283639.5
2021-08-02,4343128.0,4123042.0,4281067.5,4158522.5,2854586759698.0,4158522.5
2021-08-03,4375535.5,4103782.0,4165100.25,4353777.5,2779205858955.0,4353777.5
2021-08-04,4537484.0,4105731.0,4353450.0,4485631.0,3861727214931.0,4485631.0
2021-08-05,4770349.0,4386437.0,4485226.5,4719704.5,4213742620033.0,4719704.5
2021-08-06,4925493.0,4697886.0,4721501.0,4910717.5,4412001470896.0,4910717.5
2021-08-07,4990794.5,4776258.5,4912771.5,4829312.0,4002840723302.0,4829312.0
2021-08-08,5123259.5,4723054.0,4828629.5,5115159.5,4273250863107.0,5115159.5
2021-08-09,5147295.0,4943674.5,5105831.5,5041695.5,3710183049419.0,5041695.5
2021-08-10,5163212.5,5017532.0,5043318.0,5032511.5,3788123688196.0,5032511.5
2021-08-11,5103533.0,4841821.5,5030662.0,4904949.5,3723138324661.0,4904949.5
2021-08-12,5241665.0,4890771.5,4906208.5,5237429.0,3478693411469.0,5237429.0
2021-08-13,5270892.5,5060374.0,5239332.5,5161117.0,3420295027721.0,5161117.0
2021-08-14,5189626.5,4994837.5,5161086.5,5157716.0,3397288525474.0,5157716.0
2021-08-15,5250123.0,4992531.5,5154751.5,5028428.0,3582610944069.0,5028428.0
2021-08-16,5151135.5,4878360.5,5020992.5,4896004.0,3664318011559.0,4896004.0
2021-08-17,5054244.5,4859147.5,4895061.0,4921073.5,3536282017072.0,4921073.5
2021-08-18,5156168.5,4846546.5,4914559.0,5128142.0,4083880156741.0,5128142.0
2021-08-19,5418508.0,5123468.5,5128750.5,5418181.0,3811334345526.0,5418181.0
2021-08-20,5458680.0,5304437.5,5416852.0,5369578.5,4456052617264.0,5369578.5
2021-08-21,5435222.5,5293076.5,5365583.5,5417435.0,2786719393142.0,5417435.0
2021-08-22,5558985.5,5381938.5,5414142.5,5434139.0,3762521116682.0,5434139.0
2021-08-23,5478908.5,5232159.0,5435915.5,5234780.5,3880172215823.0,5234780.5
2021-08-24,5412639.5,5178239.5,5237100.0,5384683.0,3590429242226.0,5384683.0
2021-08-25,5430825.0,5111212.0,5389286.0,5166038.0,3594986446538.0,5166038.0
2021-08-26,5394303.5,5104624.0,5160792.5,5388359.5,3790524603836.0,5388359.5
2021-08-27,5413054.5,5326914.5,5389888.0,5371196.0,3137778019543.0,5371196.0
2021-08-28,5452662.0,5263937.0,5372167.5,5364933.5,2844495871917.0,5364933.5
2021-08-29,5374086.5,5161898.0,5365485.5,5173512.5,3501454486882.0,5173512.5
2021-08-30,5287092.5,5139004.0,5170143.5,5191098.0,3822373873891.0,5191098.0
2021-09-02,5478561.0,5361353.5,5377159.0,5474658.5,4371032571904.0,5474658.5
